Datetime,METAR
2025-12-05 14:30 UTC,METAR WSSS 051430Z 34006KT 9999 FEW018 BKN300 27/23 Q1012 NOSIG
2025-12-05 15:00 UTC,METAR WSSS 051500Z 34006KT 9999 FEW018 BKN300 27/23 Q1012 NOSIG
2025-12-05 15:30 UTC,METAR WSSS 051530Z 35005KT 9999 FEW018 BKN300 27/23 Q1012 NOSIG
2025-12-05 16:00 UTC,METAR WSSS 051600Z 32004KT 280V360 9999 FEW018 BKN300 27/23 Q1012 NOSIG
2025-12-05 16:30 UTC,METAR WSSS 051630Z 33003KT 9999 FEW018 BKN300 27/23 Q1012 NOSIG
2025-12-05 17:00 UTC,METAR WSSS 051700Z 34005KT 9999 FEW018 BKN300 27/23 Q1012 NOSIG
2025-12-05 17:30 UTC,METAR WSSS 051730Z 33005KT 9999 FEW018 BKN300 26/24 Q1011 NOSIG
2025-12-05 18:00 UTC,METAR WSSS 051800Z 34005KT 9999 FEW018 BKN300 26/24 Q1011 NOSIG
2025-12-05 18:30 UTC,METAR WSSS 051830Z 34004KT 300V360 9999 FEW018 BKN300 26/24 Q1011 NOSIG
2025-12-05 19:00 UTC,METAR WSSS 051900Z 33004KT 310V010 9999 FEW018 BKN300 26/24 Q1010 NOSIG
2025-12-05 19:30 UTC,METAR WSSS 051930Z 34004KT 9999 FEW018 BKN300 26/24 Q1010 NOSIG
2025-12-05 20:00 UTC,METAR WSSS 052000Z 35003KT 8000 FEW018 BKN300 25/24 Q1010 NOSIG
2025-12-05 20:30 UTC,METAR WSSS 052030Z 34006KT 9000 FEW018 BKN300 26/24 Q1009 NOSIG
2025-12-05 21:00 UTC,METAR WSSS 052100Z 33005KT 9000 FEW018 BKN300 26/24 Q1010 NOSIG
2025-12-05 21:30 UTC,METAR WSSS 052130Z 33004KT 9000 FEW018 BKN300 26/24 Q1010 NOSIG
2025-12-05 22:00 UTC,METAR WSSS 052200Z 33003KT 290V360 8000 FEW016 BKN300 26/24 Q1010 NOSIG
2025-12-05 22:30 UTC,METAR WSSS 052230Z 33004KT 280V350 8000 FEW016 BKN300 26/24 Q1011 NOSIG
2025-12-05 23:00 UTC,METAR WSSS 052300Z 32004KT 270V350 8000 FEW016 FEW020TCU BKN300 26/24 Q1011 NOSIG
2025-12-05 23:30 UTC,METAR WSSS 052330Z 32003KT 290V350 9000 FEW016 FEW020TCU BKN300 26/24 Q1011 NOSIG
2025-12-06 00:00 UTC,METAR WSSS 060000Z 33005KT 300V360 9999 FEW018 FEW020TCU BKN300 27/24 Q1012 NOSIG
2025-12-06 00:30 UTC,METAR WSSS 060030Z 33005KT 280V010 9999 FEW018 BKN300 28/24 Q1012 NOSIG
2025-12-06 01:00 UTC,METAR WSSS 060100Z 34007KT 300V010 9999 FEW018 BKN300 29/24 Q1012 NOSIG
2025-12-06 01:30 UTC,METAR WSSS 060130Z 33007KT 280V360 9999 FEW018 BKN300 29/25 Q1012 NOSIG
2025-12-06 02:00 UTC,METAR WSSS 060200Z 32008KT 280V350 9999 SCT018 BKN300 29/24 Q1013 NOSIG
2025-12-06 02:30 UTC,METAR WSSS 060230Z 34007KT 300V010 9999 SCT018 BKN300 30/25 Q1013 NOSIG
2025-12-06 03:00 UTC,METAR WSSS 060300Z 35008KT 310V020 9999 SCT018 BKN300 30/24 Q1012 NOSIG
2025-12-06 03:30 UTC,METAR WSSS 060330Z 34009KT 290V010 9999 SCT018 FEW020TCU BKN300 30/25 Q1012 NOSIG
2025-12-06 04:00 UTC,METAR WSSS 060400Z 35011KT 9999 SCT018 FEW020TCU BKN300 30/25 Q1012 NOSIG
2025-12-06 04:30 UTC,METAR WSSS 060430Z 35012KT 9999 SCT018 FEW020TCU BKN300 28/24 Q1012 NOSIG
2025-12-06 05:00 UTC,METAR WSSS 060500Z 36015KT 9999 SCT018 FEW020TCU SCT300 29/24 Q1011 NOSIG
2025-12-06 05:30 UTC,METAR WSSS 060530Z 35013KT 9999 SCT016 FEW018CB FEW020TCU SCT160 28/24 Q1011 NOSIG
2025-12-06 06:00 UTC,METAR WSSS 060600Z 35014KT 9999 FEW018 FEW020TCU SCT160 27/23 Q1011 NOSIG
2025-12-06 06:30 UTC,METAR WSSS 060630Z 34009KT 310V010 9999 FEW018 FEW020CB SCT150 BKN300 28/24 Q1010 NOSIG
2025-12-06 07:00 UTC,METAR WSSS 060700Z 35010KT 320V030 9999 SCT018 BKN300 28/24 Q1009 NOSIG
2025-12-06 07:30 UTC,METAR WSSS 060730Z 35012KT 9999 SCT018 BKN300 28/24 Q1009 NOSIG
2025-12-06 08:00 UTC,METAR WSSS 060800Z 35009KT 310V020 9999 FEW018 BKN300 28/24 Q1009 NOSIG
2025-12-06 08:30 UTC,METAR WSSS 060830Z 35013KT 9999 FEW018 BKN300 28/24 Q1009 NOSIG
2025-12-06 09:00 UTC,METAR WSSS 060900Z 35014KT 9999 SCT018 BKN300 28/23 Q1008 NOSIG
2025-12-06 09:30 UTC,METAR WSSS 060930Z 01014KT 9999 SCT018 BKN300 28/24 Q1008 NOSIG
2025-12-06 10:00 UTC,METAR WSSS 061000Z 35009KT 310V020 9999 FEW018 SCT160 BKN300 28/24 Q1008 NOSIG
2025-12-06 10:30 UTC,METAR WSSS 061030Z 35008KT 9999 FEW018 SCT160 BKN300 27/24 Q1009 NOSIG
2025-12-06 11:00 UTC,METAR WSSS 061100Z 35009KT 320V020 9999 FEW018 SCT160 BKN300 27/24 Q1009 NOSIG
2025-12-06 11:30 UTC,METAR WSSS 061130Z 34007KT 290V010 9999 FEW018 SCT160 BKN300 27/24 Q1010 NOSIG
2025-12-06 12:00 UTC,METAR WSSS 061200Z 34007KT 9999 FEW018 BKN300 27/24 Q1010 NOSIG
2025-12-06 12:30 UTC,METAR WSSS 061230Z 34008KT 9999 FEW018 BKN300 27/24 Q1010 NOSIG
2025-12-06 13:00 UTC,METAR WSSS 061300Z 33005KT 290V360 9999 FEW018 BKN300 27/24 Q1011 NOSIG
2025-12-06 13:30 UTC,METAR WSSS 061330Z 34006KT 9999 FEW018 BKN300 27/24 Q1011 NOSIG
2025-12-06 14:00 UTC,METAR WSSS 061400Z 35005KT 9000 -SHRA FEW017TCU BKN300 26/24 Q1012 NOSIG
2025-12-06 14:30 UTC,METAR WSSS 061430Z 34005KT 300V360 9999 FEW018 BKN300 26/24 Q1011 NOSIG
2025-12-06 15:00 UTC,METAR WSSS 061500Z 34004KT 300V360 9999 FEW018 BKN300 26/24 Q1011 NOSIG
2025-12-06 15:30 UTC,METAR WSSS 061530Z 34005KT 9999 FEW018 BKN300 26/23 Q1011 NOSIG
2025-12-06 16:00 UTC,METAR WSSS 061600Z 34006KT 9999 FEW018 BKN150 26/23 Q1011 NOSIG
2025-12-06 16:30 UTC,METAR WSSS 061630Z 33006KT 290V350 9999 FEW018 BKN150 26/23 Q1011 NOSIG
2025-12-06 17:00 UTC,METAR WSSS 061700Z 32004KT 270V340 9999 FEW018 BKN150 26/23 Q1011 NOSIG
2025-12-06 17:30 UTC,METAR WSSS 061730Z 33006KT 9999 FEW018 BKN150 26/23 Q1011 NOSIG
2025-12-06 18:00 UTC,METAR WSSS 061800Z 33006KT 9999 FEW018 BKN150 26/23 Q1010 NOSIG
2025-12-06 18:30 UTC,METAR WSSS 061830Z 32005KT 280V350 9999 FEW018 BKN150 26/23 Q1010 NOSIG
2025-12-06 19:00 UTC,METAR WSSS 061900Z 33006KT 9999 FEW018 SCT150 26/23 Q1010 NOSIG
2025-12-06 19:30 UTC,METAR WSSS 061930Z 33006KT 9999 FEW018 SCT280 26/23 Q1010 NOSIG
2025-12-06 20:00 UTC,METAR WSSS 062000Z 34005KT 9999 FEW018 SCT280 26/23 Q1009 NOSIG
2025-12-06 20:30 UTC,METAR WSSS 062030Z 33005KT 300V360 9999 FEW018 BKN280 26/23 Q1009 NOSIG
2025-12-06 21:00 UTC,METAR WSSS 062100Z 33005KT 9999 FEW018 BKN280 26/23 Q1009 NOSIG
2025-12-06 21:30 UTC,METAR WSSS 062130Z 34004KT 300V360 9999 FEW018 BKN280 26/23 Q1010 NOSIG
2025-12-06 22:00 UTC,METAR WSSS 062200Z 32004KT 290V350 9000 FEW018 SCT150 26/23 Q1010 NOSIG
2025-12-06 22:30 UTC,METAR WSSS 062230Z 33006KT 300V360 9000 FEW018 BKN280 26/23 Q1010 NOSIG
2025-12-06 23:00 UTC,METAR WSSS 062300Z 33005KT 7000 FEW018 BKN270 26/23 Q1010 NOSIG
2025-12-06 23:30 UTC,METAR WSSS 062330Z 34006KT 7000 FEW018 BKN270 26/23 Q1010 NOSIG
2025-12-07 00:00 UTC,METAR WSSS 070000Z 33006KT 9999 FEW018 BKN270 26/23 Q1010 NOSIG
2025-12-07 00:30 UTC,METAR WSSS 070030Z 33008KT 290V350 9000 FEW018 BKN270 26/23 Q1011 NOSIG
2025-12-07 01:00 UTC,METAR WSSS 070100Z 34007KT 9999 FEW018 BKN270 27/23 Q1011 NOSIG
2025-12-07 01:30 UTC,METAR WSSS 070130Z 34007KT 9999 FEW018 SCT170 BKN280 27/23 Q1011 NOSIG
2025-12-07 02:00 UTC,METAR WSSS 070200Z 34007KT 9999 FEW018 BKN280 28/23 Q1011 NOSIG
2025-12-07 02:30 UTC,METAR WSSS 070230Z 34006KT 300V360 9999 FEW018 BKN280 28/24 Q1011 NOSIG
2025-12-07 03:00 UTC,METAR WSSS 070300Z 34010KT 310V010 9999 SCT020 SCT280 BKN300 29/24 Q1011 NOSIG
2025-12-07 03:30 UTC,METAR WSSS 070330Z 34009KT 320V020 9999 SCT020 SCT280 BKN300 30/24 Q1011 NOSIG
2025-12-07 04:00 UTC,METAR WSSS 070400Z 35013KT 310V010 9999 SCT020 SCT280 BKN300 30/23 Q1011 NOSIG
2025-12-07 04:30 UTC,METAR WSSS 070430Z 35011KT 300V010 9999 SCT020 SCT280 31/24 Q1011 NOSIG
2025-12-07 05:00 UTC,METAR WSSS 070500Z 35013KT 9999 SCT022 SCT280 31/23 Q1010 NOSIG
2025-12-07 05:30 UTC,METAR WSSS 070530Z 33011KT 300V360 9999 SCT022 SCT280 30/23 Q1010 NOSIG
2025-12-07 06:00 UTC,METAR WSSS 070600Z 34010KT 9999 SCT022 SCT280 31/23 Q1010 NOSIG
2025-12-07 06:30 UTC,METAR WSSS 070630Z 34012KT 310V030 9999 FEW020 BKN280 31/23 Q1009 NOSIG
2025-12-07 07:00 UTC,METAR WSSS 070700Z 35012KT 300V030 9999 FEW020 BKN280 30/22 Q1009 NOSIG
2025-12-07 07:30 UTC,METAR WSSS 070730Z 35010KT 9999 FEW020 BKN280 31/23 Q1008 NOSIG
2025-12-07 08:00 UTC,METAR WSSS 070800Z 34009KT 9999 FEW020 BKN280 31/23 Q1008 NOSIG
2025-12-07 08:30 UTC,METAR WSSS 070830Z 35009KT 310V010 9999 FEW020 BKN280 30/23 Q1008 NOSIG
2025-12-07 09:00 UTC,METAR WSSS 070900Z 35010KT 9999 FEW020 BKN280 30/23 Q1008 NOSIG
2025-12-07 09:30 UTC,METAR WSSS 070930Z 36012KT 9999 FEW020 BKN280 30/23 Q1008 NOSIG
2025-12-07 10:00 UTC,METAR WSSS 071000Z 34010KT 300V010 9999 FEW020 BKN280 29/23 Q1009 NOSIG
2025-12-07 10:30 UTC,METAR WSSS 071030Z 35010KT 9999 FEW020 BKN280 29/23 Q1009 NOSIG
2025-12-07 11:00 UTC,METAR WSSS 071100Z 35007KT 9999 FEW018 BKN280 28/23 Q1009 NOSIG
2025-12-07 11:30 UTC,METAR WSSS 071130Z 34007KT 9999 FEW018 BKN280 28/23 Q1009 NOSIG
2025-12-07 12:00 UTC,METAR WSSS 071200Z 35009KT 9999 FEW018 BKN280 28/23 Q1010 NOSIG
2025-12-07 12:30 UTC,METAR WSSS 071230Z 34008KT 300V010 9999 FEW018 SCT160 BKN270 28/23 Q1010 NOSIG
2025-12-07 13:00 UTC,METAR WSSS 071300Z 33007KT 300V360 9999 FEW018 SCT160 BKN270 27/23 Q1011 NOSIG
2025-12-07 13:30 UTC,METAR WSSS 071330Z 34006KT 290V010 9999 FEW018 SCT160 BKN270 27/23 Q1011 NOSIG
2025-12-07 14:00 UTC,METAR WSSS 071400Z 34007KT 290V360 9999 FEW018 BKN160 27/23 Q1011 NOSIG
2025-12-07 14:30 UTC,METAR WSSS 071430Z 33005KT 290V010 9999 FEW018 BKN160 27/23 Q1012 NOSIG
2025-12-07 15:00 UTC,METAR WSSS 071500Z 33006KT 290V360 9999 FEW018 BKN160 27/23 Q1012 NOSIG
2025-12-07 15:30 UTC,METAR WSSS 071530Z 34006KT 300V360 9999 FEW018 BKN160 27/23 Q1012 NOSIG
2025-12-07 16:00 UTC,METAR WSSS 071600Z 34007KT 300V010 9999 FEW018 BKN160 27/23 Q1011 NOSIG
2025-12-07 16:30 UTC,METAR WSSS 071630Z 33007KT 9999 FEW018 BKN160 27/23 Q1011 NOSIG
2025-12-07 17:00 UTC,METAR WSSS 071700Z 33006KT 300V360 9999 FEW018 BKN160 27/22 Q1011 NOSIG
2025-12-07 17:30 UTC,METAR WSSS 071730Z 34007KT 9999 FEW018 BKN160 27/23 Q1011 NOSIG
2025-12-07 18:00 UTC,METAR WSSS 071800Z 33008KT 9999 FEW018 BKN160 27/22 Q1011 NOSIG
2025-12-07 18:30 UTC,METAR WSSS 071830Z 33007KT 300V010 9999 FEW018 BKN160 26/22 Q1010 NOSIG
2025-12-07 19:00 UTC,METAR WSSS 071900Z 33005KT 300V360 9999 FEW018 BKN160 26/23 Q1010 NOSIG
2025-12-07 19:30 UTC,METAR WSSS 071930Z 33005KT 290V350 9999 FEW018 BKN160 26/22 Q1010 NOSIG
2025-12-07 20:00 UTC,METAR WSSS 072000Z 34006KT 9999 FEW018 SCT160 BKN300 26/22 Q1010 NOSIG
2025-12-07 20:30 UTC,METAR WSSS 072030Z 32005KT 9999 FEW018 SCT160 BKN300 26/22 Q1009 NOSIG
2025-12-07 21:00 UTC,METAR WSSS 072100Z 33004KT 300V360 9999 FEW018 SCT160 BKN300 26/23 Q1009 NOSIG
2025-12-07 21:30 UTC,METAR WSSS 072130Z 34005KT 9999 FEW018 SCT160 BKN300 26/23 Q1009 NOSIG
2025-12-07 22:00 UTC,METAR WSSS 072200Z 34006KT 9999 FEW018 SCT160 BKN300 26/23 Q1010 NOSIG
2025-12-07 22:30 UTC,METAR WSSS 072230Z 34004KT 310V010 9999 FEW018 BKN300 26/23 Q1010 NOSIG
2025-12-07 23:00 UTC,METAR WSSS 072300Z 33006KT 300V360 9999 FEW018 BKN300 26/23 Q1010 NOSIG
2025-12-07 23:30 UTC,METAR WSSS 072330Z 33005KT 310V010 9999 FEW018 BKN300 26/23 Q1010 NOSIG
2025-12-08 00:00 UTC,METAR WSSS 080000Z 33004KT 270V360 9999 FEW018 SCT270 BKN300 26/23 Q1011 NOSIG
2025-12-08 00:30 UTC,METAR WSSS 080030Z 33004KT 300V360 9999 FEW018 BKN270 27/23 Q1011 NOSIG
2025-12-08 01:00 UTC,METAR WSSS 080100Z 34007KT 9999 FEW018 SCT160 BKN270 27/23 Q1012 NOSIG
2025-12-08 01:30 UTC,METAR WSSS 080130Z 34007KT 9999 FEW018 SCT160 BKN270 28/23 Q1012 NOSIG
2025-12-08 02:00 UTC,METAR WSSS 080200Z 35009KT 320V020 9999 FEW018 BKN270 28/23 Q1012 NOSIG
2025-12-08 02:30 UTC,METAR WSSS 080230Z 35010KT 9999 FEW016 BKN270 28/23 Q1012 NOSIG
2025-12-08 03:00 UTC,METAR WSSS 080300Z 01011KT 9999 FEW016 BKN270 29/24 Q1012 NOSIG
2025-12-08 03:30 UTC,METAR WSSS 080330Z 36010KT 9999 FEW016 BKN270 29/23 Q1012 NOSIG
2025-12-08 04:00 UTC,METAR WSSS 080400Z 01013KT 9999 FEW016 SCT030 BKN270 29/23 Q1012 NOSIG
2025-12-08 04:30 UTC,METAR WSSS 080430Z 36013KT 9999 FEW016 FEW020TCU SCT030 30/24 Q1012 NOSIG
2025-12-08 05:00 UTC,METAR WSSS 080500Z 36014KT 9999 FEW016 FEW020TCU SCT030 29/22 Q1011 NOSIG
2025-12-08 05:30 UTC,METAR WSSS 080530Z 36014KT 9999 FEW016 FEW020TCU SCT030 29/23 Q1011 NOSIG
2025-12-08 06:00 UTC,METAR WSSS 080600Z 36015KT 9999 FEW016 SCT030 BKN270 29/23 Q1011 NOSIG
2025-12-08 06:30 UTC,METAR WSSS 080630Z 36016KT 9999 FEW016 FEW020TCU SCT150 BKN270 29/23 Q1010 NOSIG
2025-12-08 07:00 UTC,METAR WSSS 080700Z 36016KT 9999 FEW016 FEW020TCU SCT150 BKN280 29/23 Q1010 NOSIG
2025-12-08 07:30 UTC,METAR WSSS 080730Z 36017KT 9999 FEW018 FEW020TCU BKN280 29/23 Q1009 NOSIG
2025-12-08 08:00 UTC,METAR WSSS 080800Z 36016KT 9999 FEW018 SCT280 29/23 Q1009 NOSIG
2025-12-08 08:30 UTC,METAR WSSS 080830Z 36017KT 9999 FEW018 SCT280 BKN300 29/22 Q1009 NOSIG
2025-12-08 09:00 UTC,METAR WSSS 080900Z 35014KT 9999 FEW018 SCT280 28/22 Q1009 NOSIG
2025-12-08 09:30 UTC,METAR WSSS 080930Z 35011KT 9999 FEW018 SCT280 28/22 Q1009 NOSIG
2025-12-08 10:00 UTC,METAR WSSS 081000Z 36014KT 9999 FEW018 SCT280 28/22 Q1009 NOSIG
2025-12-08 10:30 UTC,METAR WSSS 081030Z 35009KT 9999 FEW018 SCT280 BKN300 28/22 Q1009 NOSIG
2025-12-08 11:00 UTC,METAR WSSS 081100Z 35007KT 9999 FEW018 SCT280 BKN300 27/22 Q1009 NOSIG
2025-12-08 11:30 UTC,METAR WSSS 081130Z 35008KT 9999 FEW018 BKN300 27/22 Q1010 NOSIG
2025-12-08 12:00 UTC,METAR WSSS 081200Z 35007KT 310V010 9999 FEW018 BKN300 27/22 Q1010 NOSIG
2025-12-08 12:30 UTC,METAR WSSS 081230Z 34006KT 9999 FEW018 BKN300 26/22 Q1010 NOSIG
2025-12-08 13:00 UTC,METAR WSSS 081300Z 34006KT 9999 FEW018 BKN300 27/23 Q1010 NOSIG
2025-12-08 13:30 UTC,METAR WSSS 081330Z 33004KT 9999 FEW018 BKN300 26/23 Q1011 NOSIG
2025-12-08 14:00 UTC,METAR WSSS 081400Z 33005KT 9999 FEW018 BKN300 26/23 Q1011 NOSIG
2025-12-08 14:48 UTC,METAR WSSS 081430Z 34005KT 9999 FEW018 BKN300 26/22 Q1011 NOSIG
2025-12-08 15:41 UTC,METAR WSSS 081530Z 33005KT 9999 FEW018 BKN300 26/22 Q1011 NOSIG
2025-12-08 16:55 UTC,METAR WSSS 081630Z 33004KT 9000 FEW018 BKN300 26/22 Q1011 NOSIG
2025-12-08 17:41 UTC,METAR WSSS 081730Z 34004KT 320V020 9999 FEW018 BKN300 25/22 Q1010 NOSIG
2025-12-08 18:54 UTC,METAR WSSS 081830Z 34004KT 9999 FEW018 BKN300 25/22 Q1010 NOSIG
2025-12-08 19:30 UTC,METAR WSSS 081900Z 34003KT 9999 FEW018 BKN300 24/22 Q1010 NOSIG
2025-12-08 19:44 UTC,METAR WSSS 081930Z 33005KT 9999 FEW018 BKN300 25/22 Q1009 NOSIG
2025-12-08 20:42 UTC,METAR WSSS 082030Z 32005KT 9999 FEW018 BKN300 26/23 Q1009 NOSIG
2025-12-08 21:29 UTC,METAR WSSS 082100Z 33005KT 9000 FEW018 BKN300 25/22 Q1009 NOSIG
2025-12-08 21:44 UTC,METAR WSSS 082130Z 33005KT 9000 FEW018 BKN300 26/22 Q1009 NOSIG
2025-12-08 22:40 UTC,METAR WSSS 082230Z 33004KT 9000 FEW018 BKN300 25/22 Q1010 NOSIG
2025-12-08 23:32 UTC,METAR WSSS 082330Z 34004KT 9000 FEW018 BKN300 25/23 Q1010 NOSIG
2025-12-09 00:00 UTC,METAR WSSS 090000Z 34005KT 9000 FEW018 BKN300 26/23 Q1010 NOSIG
2025-12-09 01:00 UTC,METAR WSSS 090030Z 33005KT 310V020 9999 FEW020 BKN300 27/23 Q1011 NOSIG
2025-12-09 01:15 UTC,METAR WSSS 090100Z 35006KT 9999 FEW020 BKN300 27/23 Q1011 NOSIG
2025-12-09 01:30 UTC,METAR WSSS 090130Z 35007KT 9999 FEW020 BKN300 28/23 Q1011 NOSIG
2025-12-09 02:00 UTC,METAR WSSS 090200Z 35008KT 320V020 9999 SCT018 BKN300 28/23 Q1011 NOSIG
2025-12-09 02:30 UTC,METAR WSSS 090230Z 36010KT 320V020 9999 SCT018 BKN300 29/23 Q1011 NOSIG
2025-12-09 03:28 UTC,METAR WSSS 090300Z 36011KT 330V030 9999 SCT018 BKN300 29/23 Q1011 NOSIG
2025-12-09 03:43 UTC,METAR WSSS 090330Z 01014KT 9999 SCT018 BKN300 29/23 Q1011 NOSIG
2025-12-09 04:00 UTC,METAR WSSS 090400Z 36014KT 9999 FEW018 BKN300 29/23 Q1011 NOSIG
2025-12-09 04:48 UTC,METAR WSSS 090430Z 01012KT 9999 FEW018 BKN300 29/23 Q1010 NOSIG
2025-12-09 05:00 UTC,METAR WSSS 090500Z 36012KT 330V040 9999 FEW018 SCT150 30/23 Q1010 NOSIG
2025-12-09 05:43 UTC,METAR WSSS 090530Z 36012KT 9999 FEW018 SCT280 30/24 Q1009 NOSIG
2025-12-09 06:58 UTC,METAR WSSS 090630Z 01014KT 9999 SCT018 FEW020TCU BKN300 30/24 Q1009 NOSIG
2025-12-09 07:41 UTC,METAR WSSS 090730Z 36014KT 9999 FEW018 SCT080 BKN300 30/23 Q1008 NOSIG
2025-12-09 08:57 UTC,METAR WSSS 090830Z 35011KT 9999 FEW018 SCT060 BKN300 29/22 Q1008 NOSIG
2025-12-09 09:46 UTC,METAR WSSS 090930Z 35011KT 9999 FEW018 SCT060 BKN300 29/23 Q1008 NOSIG
2025-12-09 10:52 UTC,METAR WSSS 091030Z 35011KT 9999 FEW018 BKN300 28/22 Q1008 NOSIG
2025-12-09 11:49 UTC,METAR WSSS 091130Z 35008KT 9999 FEW018 BKN300 28/23 Q1009 NOSIG
2025-12-09 13:48 UTC,METAR WSSS 091330Z 36009KT 9999 FEW018 BKN070 27/23 Q1011 NOSIG
2025-12-09 14:49 UTC,METAR WSSS 091430Z 36009KT 9999 FEW018 BKN080 27/23 Q1011 NOSIG
2025-12-09 15:59 UTC,METAR WSSS 091530Z 35008KT 9999 FEW018 SCT080 27/23 Q1011 NOSIG
2025-12-09 16:56 UTC,METAR WSSS 091630Z 34005KT 310V010 9999 FEW018 BKN300 26/23 Q1011 NOSIG
2025-12-09 17:44 UTC,METAR WSSS 091730Z 33005KT 290V360 9999 FEW018 BKN150 26/23 Q1010 NOSIG
2025-12-09 18:54 UTC,METAR WSSS 091830Z 33004KT 300V360 9999 FEW018 SCT160 BKN300 26/23 Q1009 NOSIG
2025-12-09 19:25 UTC,METAR WSSS 091900Z 33005KT 9999 FEW018 SCT160 BKN300 26/23 Q1009 NOSIG
2025-12-09 19:58 UTC,METAR WSSS 091930Z 33005KT 310V010 9999 FEW018 SCT160 BKN300 26/23 Q1009 NOSIG
2025-12-09 20:37 UTC,METAR WSSS 092030Z 33005KT 290V350 9999 FEW018 BKN300 26/23 Q1009 NOSIG
2025-12-09 21:33 UTC,METAR WSSS 092130Z 34005KT 9000 FEW018 BKN300 25/23 Q1009 NOSIG
2025-12-09 22:38 UTC,METAR WSSS 092230Z 35005KT 9000 FEW018 BKN300 25/23 Q1009 NOSIG
2025-12-09 23:32 UTC,METAR WSSS 092300Z 33005KT 290V360 9000 FEW018 BKN300 25/23 Q1009 NOSIG
2025-12-09 23:49 UTC,METAR WSSS 092330Z 33005KT 300V360 9999 FEW018 BKN300 26/23 Q1010 NOSIG
2025-12-10 01:34 UTC,METAR WSSS 100130Z 36008KT 310V020 9999 FEW018 BKN160 28/24 Q1011 NOSIG
2025-12-10 04:04 UTC,METAR WSSS 100400Z 35009KT 320V030 9999 SCT020 SCT170 BKN300 31/24 Q1010 NOSIG
2025-12-10 04:59 UTC,METAR WSSS 100430Z 35007KT 310V020 9999 SCT020 SCT170 BKN300 31/23 Q1010 NOSIG
2025-12-10 05:44 UTC,METAR WSSS 100530Z 01010KT 340V040 9999 FEW018TCU SCT020 BKN160 31/24 Q1009 NOSIG
2025-12-10 06:58 UTC,METAR WSSS 100630Z 36012KT 9999 -SHRA FEW017TCU SCT030 30/24 Q1008 NOSIG
2025-12-10 07:41 UTC,METAR WSSS 100730Z 36010KT 9000 -TSRA FEW016CB FEW017TCU SCT030 28/23 Q1007 BECMG FM0800 TL0815 NSW
2025-12-10 08:55 UTC,METAR WSSS 100830Z 01003KT 300V080 6000 -TSRA FEW016CB FEW017TCU SCT150 26/25 Q1007 BECMG FM0915 TL0930 NSW
2025-12-10 09:47 UTC,METAR WSSS 100930Z 31004KT 240V360 2000 +TSRA FEW008 FEW014CB SCT016TCU BKN150 25/24 Q1008 BECMG FM0945 TL1000 6000 NSW
2025-12-10 10:53 UTC,METAR WSSS 101030Z 36003KT 6000 -RA FEW015 FEW017TCU BKN160 25/25 Q1008 NOSIG
2025-12-10 11:33 UTC,METAR WSSS 101130Z 32003KT 8000 -RA FEW016 SCT060 BKN160 25/25 Q1009 NOSIG
2025-12-10 13:50 UTC,METAR WSSS 101330Z 32002KT 9999 FEW018 BKN160 26/25 Q1010 NOSIG
2025-12-10 14:52 UTC,METAR WSSS 101430Z 33003KT 9999 FEW018 SCT070 BKN300 26/24 Q1010 NOSIG
2025-12-10 15:44 UTC,METAR WSSS 101530Z 34004KT 9999 FEW018 SCT070 BKN160 26/24 Q1010 NOSIG
2025-12-10 16:56 UTC,METAR WSSS 101630Z 33004KT 9999 FEW018 SCT080 BKN160 26/24 Q1010 NOSIG
2025-12-10 17:47 UTC,METAR WSSS 101730Z 33003KT 300V360 9999 FEW018 SCT080 BKN160 26/24 Q1010 NOSIG
2025-12-10 18:55 UTC,METAR WSSS 101830Z 32004KT 9999 FEW018 BKN150 26/24 Q1009 NOSIG
2025-12-10 19:31 UTC,METAR WSSS 101930Z 33003KT 9999 FEW018 BKN150 26/24 Q1009 NOSIG
2025-12-10 20:48 UTC,METAR WSSS 102030Z 34003KT 9999 FEW018 BKN150 26/24 Q1008 NOSIG
2025-12-10 21:40 UTC,METAR WSSS 102130Z 33003KT 300V360 9999 FEW018 BKN150 26/24 Q1009 NOSIG
2025-12-10 22:42 UTC,METAR WSSS 102230Z VRB02KT 9999 FEW018 BKN150 26/24 Q1010 NOSIG
2025-12-10 23:33 UTC,METAR WSSS 102330Z VRB01KT 9999 FEW018 BKN150 26/24 Q1010 NOSIG
2025-12-11 03:51 UTC,METAR WSSS 110330Z 33003KT 270V020 9999 FEW020 BKN150 28/23 Q1011 NOSIG
2025-12-11 04:59 UTC,METAR WSSS 110430Z 32003KT 260V020 9999 FEW020 BKN160 29/23 Q1011 NOSIG
2025-12-11 05:47 UTC,METAR WSSS 110530Z 33003KT 250V020 9999 FEW020 BKN160 29/24 Q1010 NOSIG
2025-12-11 07:01 UTC,METAR WSSS 110630Z VRB02KT 9999 FEW020 SCT160 BKN270 30/23 Q1009 NOSIG
2025-12-11 07:42 UTC,METAR WSSS 110730Z VRB04KT 9999 FEW020 SCT160 BKN280 29/24 Q1008 NOSIG
2025-12-11 08:57 UTC,METAR WSSS 110830Z 18005KT 120V200 9999 FEW020 BKN280 29/24 Q1007 NOSIG
2025-12-11 09:48 UTC,METAR WSSS 110930Z 17005KT 9999 FEW020 BKN280 29/24 Q1007 NOSIG
2025-12-11 10:51 UTC,METAR WSSS 111030Z 16005KT 9999 FEW018 SCT025 BKN280 28/24 Q1007 NOSIG
2025-12-11 11:33 UTC,METAR WSSS 111130Z 16004KT 9999 FEW018 SCT280 BKN300 27/24 Q1008 NOSIG
2025-12-11 13:53 UTC,METAR WSSS 111330Z 07003KT 020V140 9000 FEW018 SCT160 BKN300 28/24 Q1010 NOSIG
2025-12-11 14:43 UTC,METAR WSSS 111430Z 01004KT 340V040 9000 FEW018 SCT280 27/24 Q1010 NOSIG
2025-12-11 15:52 UTC,METAR WSSS 111530Z 34005KT 9999 FEW018 BKN160 27/24 Q1010 NOSIG
2025-12-11 17:01 UTC,METAR WSSS 111630Z 34004KT 9999 FEW018 BKN160 27/24 Q1010 NOSIG
2025-12-11 17:58 UTC,METAR WSSS 111730Z 33004KT 9999 FEW018 BKN160 27/24 Q1009 NOSIG
2025-12-11 18:59 UTC,METAR WSSS 111830Z 33004KT 9999 FEW018 SCT080 BKN160 26/24 Q1009 NOSIG
2025-12-11 19:35 UTC,METAR WSSS 111930Z 34003KT 9999 FEW018 BKN160 26/24 Q1008 NOSIG
2025-12-11 20:39 UTC,METAR WSSS 112030Z 33002KT 9999 FEW018 SCT160 26/24 Q1007 NOSIG
2025-12-11 21:38 UTC,METAR WSSS 112130Z 33004KT 9999 FEW018 SCT160 26/24 Q1007 NOSIG
2025-12-11 22:42 UTC,METAR WSSS 112230Z VRB02KT 7000 FEW016 SCT170 BKN300 25/24 Q1008 NOSIG
2025-12-11 23:33 UTC,METAR WSSS 112330Z 34003KT 3500 BR FEW016 FEW018TCU BKN300 25/24 Q1008 BECMG FM2345 TL0000 6000 NSW
2025-12-12 03:50 UTC,METAR WSSS 120330Z 34005KT 240V040 9999 FEW018 FEW020TCU BKN300 30/24 Q1010 NOSIG
2025-12-12 04:56 UTC,METAR WSSS 120430Z 01008KT 320V050 9999 FEW018 FEW020TCU BKN300 31/24 Q1009 NOSIG
2025-12-12 05:44 UTC,METAR WSSS 120530Z 02007KT 350V050 9999 VCSH FEW018TCU FEW020CB BKN300 32/24 Q1008 NOSIG
2025-12-12 06:59 UTC,METAR WSSS 120630Z 02010KT 360V060 9000 -SHRA FEW017TCU FEW018CB SCT025 30/25 Q1007 NOSIG
2025-12-12 07:40 UTC,METAR WSSS 120730Z 01014KT 350V050 6000 -TSRA FEW013 FEW015CB SCT017TCU 28/23 Q1006 TEMPO TL0830 1000 +TSRA
2025-12-12 08:57 UTC,METAR WSSS 120830Z 32006KT 270V010 5000 TSRA FEW010 FEW014CB SCT016TCU BKN150 24/23 Q1007 BECMG FM0850 TL0905 -TSRA BECMG FM0920 TL0935 NSW
2025-12-12 09:47 UTC,SPECI WSSS 120941Z 30004KT 240V010 4000 TSRA FEW012 FEW015CB FEW017TCU BKN150 25/23 Q1007 BECMG FM1015 TL1025 6000 NSW
2025-12-12 10:49 UTC,METAR WSSS 121030Z 25003KT 220V290 7000 -RA FEW015 FEW017TCU FEW018CB BKN150 25/24 Q1008 RETSRA NOSIG
2025-12-12 11:35 UTC,METAR WSSS 121130Z VRB01KT 9000 -RA FEW015 BKN160 25/24 Q1009 NOSIG
2025-12-12 13:47 UTC,METAR WSSS 121330Z 35003KT 9999 FEW016 FEW020CB BKN140 25/24 Q1010 NOSIG
2025-12-12 14:38 UTC,METAR WSSS 121430Z 35004KT 9999 FEW016 FEW020CB BKN160 25/24 Q1010 NOSIG
2025-12-12 15:42 UTC,METAR WSSS 121530Z 34004KT 9999 FEW016 BKN160 26/24 Q1010 NOSIG
2025-12-12 16:48 UTC,METAR WSSS 121630Z 33003KT 9999 FEW016 BKN160 26/24 Q1010 NOSIG
2025-12-12 17:41 UTC,METAR WSSS 121730Z 33005KT 9999 FEW016 BKN160 26/24 Q1010 NOSIG
2025-12-12 18:56 UTC,METAR WSSS 121830Z 36005KT 7000 FEW016 BKN160 26/24 Q1009 NOSIG
2025-12-12 19:30 UTC,METAR WSSS 121900Z 34004KT 7000 FEW016 BKN160 26/24 Q1009 NOSIG
2025-12-12 19:44 UTC,METAR WSSS 121930Z 35004KT 5000 HZ FEW014 BKN160 25/24 Q1009 NOSIG
2025-12-12 20:41 UTC,METAR WSSS 122030Z 33004KT 9000 FEW014 SCT080 BKN160 25/24 Q1008 NOSIG
2025-12-12 21:32 UTC,METAR WSSS 122130Z 29003KT 240V330 7000 FEW014 BKN160 26/24 Q1009 NOSIG
2025-12-12 22:40 UTC,METAR WSSS 122230Z 28003KT 230V360 9999 FEW014 FEW018TCU SCT060 26/24 Q1009 NOSIG
2025-12-12 23:32 UTC,METAR WSSS 122330Z 23008KT 190V310 7000 3000S -SHRA FEW012 FEW015CB SCT016TCU 25/22 Q1010 TEMPO TL0015 3000 SHRA
2025-12-13 03:41 UTC,METAR WSSS 130330Z VRB03KT 9999 FEW016 SCT070 BKN140 28/23 Q1010 NOSIG
2025-12-13 04:47 UTC,METAR WSSS 130430Z VRB02KT 9999 FEW018 SCT150 BKN270 29/24 Q1009 NOSIG
2025-12-13 05:41 UTC,METAR WSSS 130530Z 35004KT 320V050 9999 FEW018 BKN280 30/24 Q1008 NOSIG
2025-12-13 06:54 UTC,METAR WSSS 130630Z VRB03KT 9999 VCSH FEW014 FEW017TCU FEW018CB SCT030 30/25 Q1007 NOSIG
2025-12-13 07:34 UTC,METAR WSSS 130730Z 11005KT 080V150 9999 -SHRA FEW014 FEW017TCU FEW018CB SCT040 28/24 Q1006 NOSIG
2025-12-13 08:46 UTC,METAR WSSS 130830Z 10007KT 050V120 9999 -SHRA FEW014 FEW017TCU FEW018CB SCT030 28/24 Q1006 NOSIG
2025-12-13 09:33 UTC,METAR WSSS 130930Z VRB03KT 9999 -SHRA FEW012 FEW016TCU FEW017CB SCT030 27/24 Q1007 NOSIG
2025-12-13 10:39 UTC,METAR WSSS 131030Z 26004KT 210V320 8000 -TSRA FEW008 FEW016CB FEW017TCU SCT020 26/24 Q1007 TEMPO TL1045 3000 TSRA BECMG FM1100 TL1115 NSW
2025-12-13 11:27 UTC,METAR WSSS 131100Z 21005KT 9999 -SHRA FEW012 FEW016CB FEW017TCU SCT030 26/24 Q1008 RETS NOSIG
2025-12-13 11:41 UTC,METAR WSSS 131130Z VRB01KT 9999 SCT015 FEW017TCU SCT030 26/24 Q1008 NOSIG
2025-12-13 13:19 UTC,METAR WSSS 131300Z 35006KT 9999 FEW016 SCT060 26/23 Q1009 NOSIG
2025-12-13 13:46 UTC,METAR WSSS 131330Z 35005KT 9999 FEW016 SCT060 26/23 Q1009 NOSIG
2025-12-13 14:36 UTC,METAR WSSS 131430Z 33005KT 300V360 9999 FEW016 BKN300 26/23 Q1010 NOSIG
2025-12-13 15:33 UTC,METAR WSSS 131530Z 34005KT 310V010 9999 FEW016 BKN300 26/23 Q1010 NOSIG
2025-12-13 16:46 UTC,METAR WSSS 131630Z 33005KT 310V010 9999 FEW018 BKN300 26/23 Q1010 NOSIG
2025-12-13 17:33 UTC,METAR WSSS 131730Z 33005KT 9999 FEW018 SCT160 BKN300 26/23 Q1010 NOSIG
2025-12-13 18:48 UTC,METAR WSSS 131830Z 34007KT 9000 FEW018 BKN150 26/23 Q1009 NOSIG
2025-12-13 19:26 UTC,METAR WSSS 131900Z 34007KT 9000 FEW018 BKN150 25/23 Q1008 NOSIG
2025-12-13 19:39 UTC,METAR WSSS 131930Z 34008KT 300V360 8000 FEW018 BKN150 25/23 Q1008 NOSIG
2025-12-13 20:37 UTC,METAR WSSS 132030Z 34007KT 9000 FEW018 BKN150 25/23 Q1008 NOSIG
2025-12-13 21:30 UTC,METAR WSSS 132100Z 35007KT 9000 FEW016 BKN150 25/23 Q1008 NOSIG
2025-12-13 21:42 UTC,METAR WSSS 132130Z 35006KT 300V010 9000 FEW016 BKN150 25/23 Q1007 NOSIG
2025-12-13 22:38 UTC,METAR WSSS 132230Z 34006KT 9999 FEW016 FEW020TCU SCT150 BKN300 25/23 Q1008 NOSIG
2025-12-13 23:32 UTC,METAR WSSS 132300Z 34004KT 9999 FEW016 FEW020TCU SCT160 BKN300 25/23 Q1008 NOSIG
2025-12-14 03:53 UTC,METAR WSSS 140300Z 33007KT 280V360 9999 FEW018 SCT150 BKN300 29/25 Q1010 NOSIG
2025-12-14 04:57 UTC,METAR WSSS 140400Z 36008KT 320V040 9999 FEW018 FEW020TCU BKN150 30/25 Q1010 NOSIG
2025-12-14 05:40 UTC,METAR WSSS 132300Z 34004KT 9999 FEW016 FEW020TCU SCT160 BKN300 25/23 Q1008 NOSIG
2025-12-14 08:47 UTC,METAR WSSS 140830Z 20006KT 7000 -SHRA FEW014 FEW016CB FEW017TCU BKN160 24/24 Q1007 RETS NOSIG
2025-12-14 09:34 UTC,METAR WSSS 140930Z VRB01KT 7000 -SHRA SCT016 FEW017TCU BKN160 25/24 Q1007 TEMPO TL1000 4500 SHRA
2025-12-14 10:40 UTC,METAR WSSS 141030Z 28003KT 240V310 9999 FEW016 FEW017TCU SCT150 26/24 Q1006 NOSIG
2025-12-14 11:28 UTC,METAR WSSS 141100Z VRB02KT 9999 FEW016 SCT150 BKN300 26/24 Q1007 NOSIG
2025-12-14 11:41 UTC,METAR WSSS 141130Z 29004KT 250V330 9999 FEW016 SCT150 BKN300 26/24 Q1007 NOSIG
2025-12-14 13:20 UTC,METAR WSSS 141300Z 32005KT 9999 TS FEW015 FEW017CB FEW018TCU SCT300 25/24 Q1009 BECMG FM1305 TL1315 NSW
2025-12-14 13:46 UTC,METAR WSSS 141330Z 32005KT 9999 FEW015 FEW018TCU SCT150 26/24 Q1009 RETS NOSIG
2025-12-14 14:37 UTC,METAR WSSS 141430Z 36003KT 9999 -SHRA FEW015 FEW017TCU BKN150 25/24 Q1010 NOSIG
2025-12-14 15:34 UTC,METAR WSSS 141530Z 32004KT 9999 FEW014 SCT018TCU 26/24 Q1010 TEMPO FM1600 TL1645 4000 SHRA
2025-12-14 16:45 UTC,METAR WSSS 141630Z 01005KT 340V060 9999 -SHRA FEW012 FEW017TCU SCT030 25/24 Q1010 NOSIG
2025-12-14 17:33 UTC,METAR WSSS 141730Z 17003KT 110V230 8000 -SHRA FEW015 FEW017TCU SCT040 24/23 Q1009 NOSIG
2025-12-14 18:51 UTC,METAR WSSS 141830Z 31003KT 260V340 8000 FEW015 SCT060 BKN160 25/23 Q1009 NOSIG
2025-12-14 19:27 UTC,METAR WSSS 141900Z 31004KT 260V350 8000 FEW012 SCT080 BKN170 25/24 Q1009 NOSIG
2025-12-14 19:40 UTC,METAR WSSS 141930Z 35009KT 7000 -SHRA FEW010 FEW015TCU SCT030 BKN170 25/24 Q1009 NOSIG
2025-12-14 20:39 UTC,METAR WSSS 142030Z 34006KT 300V020 7000 -SHRA FEW012 FEW016TCU SCT040 24/23 Q1008 NOSIG
2025-12-14 21:31 UTC,METAR WSSS 142130Z 34007KT 7000 FEW012 FEW016TCU SCT050 BKN140 24/23 Q1009 NOSIG
2025-12-14 22:38 UTC,METAR WSSS 142230Z 33004KT 280V360 7000 -SHRA FEW012 FEW016TCU SCT050 BKN150 24/23 Q1009 TEMPO TL2310 4000 SHRA
2025-12-14 23:32 UTC,METAR WSSS 142300Z 35002KT 8000 -RA FEW012 FEW017TCU SCT070 BKN150 24/23 Q1009 NOSIG
2025-12-15 03:59 UTC,METAR WSSS 150330Z 36006KT 330V030 6000 -RA FEW012 SCT020 OVC150 25/24 Q1011 NOSIG
2025-12-15 05:02 UTC,METAR WSSS 150500Z 34004KT 310V010 8000 -RA FEW015 BKN160 25/24 Q1011 NOSIG
2025-12-15 05:53 UTC,METAR WSSS 150530Z 34003KT 310V020 8000 -RA FEW015 SCT020 BKN160 25/24 Q1010 NOSIG
2025-12-15 07:01 UTC,METAR WSSS 150700Z 34004KT 8000 -RA FEW015 SCT018 BKN160 25/24 Q1008 NOSIG
2025-12-15 07:49 UTC,METAR WSSS 150730Z 35005KT 320V030 9000 -RA FEW015 SCT018 BKN160 26/24 Q1008 NOSIG
2025-12-15 08:59 UTC,METAR WSSS 150830Z 35006KT 9000 -RA FEW015 SCT040 BKN160 26/24 Q1008 NOSIG
2025-12-15 09:56 UTC,METAR WSSS 150930Z 35007KT 8000 -RA FEW012 FEW016TCU SCT018 BKN160 25/24 Q1008 NOSIG
2025-12-15 10:54 UTC,METAR WSSS 151030Z 34007KT 9999 FEW015 FEW018TCU BKN180 26/24 Q1008 NOSIG
2025-12-15 11:35 UTC,METAR WSSS 151130Z 34004KT 9999 FEW012 SCT018 BKN180 25/24 Q1009 NOSIG
2025-12-15 13:54 UTC,METAR WSSS 151330Z 32004KT 7000 -RA FEW015 BKN180 25/24 Q1010 NOSIG
2025-12-15 14:56 UTC,METAR WSSS 151430Z 32004KT 290V350 9999 FEW015 BKN160 25/24 Q1011 NOSIG
2025-12-15 15:51 UTC,METAR WSSS 151530Z VRB02KT 9999 FEW018 BKN160 25/24 Q1011 NOSIG
2025-12-15 17:01 UTC,METAR WSSS 151700Z VRB01KT 9999 FEW018 SCT160 BKN300 25/24 Q1010 NOSIG
2025-12-15 17:54 UTC,METAR WSSS 151730Z VRB02KT 9999 FEW018 BKN300 24/24 Q1010 NOSIG
2025-12-15 18:58 UTC,METAR WSSS 151830Z VRB02KT 9999 FEW018 BKN300 25/24 Q1009 NOSIG
2025-12-15 19:34 UTC,METAR WSSS 151930Z 27003KT 220V330 9999 FEW018 SCT150 BKN300 25/23 Q1009 NOSIG
2025-12-15 20:46 UTC,METAR WSSS 152030Z 28004KT 250V320 9999 FEW018 SCT150 BKN300 25/23 Q1008 NOSIG
2025-12-15 21:37 UTC,METAR WSSS 152130Z VRB02KT 9999 FEW018 SCT150 BKN300 24/24 Q1008 NOSIG
2025-12-15 22:42 UTC,METAR WSSS 152230Z 31003KT 280V350 9999 -RA FEW018 SCT150 BKN300 25/23 Q1008 NOSIG
2025-12-15 23:35 UTC,METAR WSSS 152330Z 31003KT 9999 -RA FEW018 SCT150 BKN170 25/23 Q1008 NOSIG
2025-12-16 03:50 UTC,METAR WSSS 160330Z 32005KT 270V010 9999 FEW012 FEW018TCU SCT140 27/24 Q1010 NOSIG
2025-12-16 04:58 UTC,METAR WSSS 160430Z 30005KT 210V350 9999 VCSH FEW012 SCT015 FEW018TCU 28/24 Q1009 NOSIG
2025-12-16 05:48 UTC,METAR WSSS 160530Z 35007KT 7000 -SHRA SCT012 FEW017TCU FEW020CB SCT140 27/24 Q1009 NOSIG
2025-12-16 07:00 UTC,METAR WSSS 160630Z 01011KT 4500 -SHRA FEW012 FEW016TCU FEW018CB BKN160 26/24 Q1008 NOSIG
2025-12-16 07:41 UTC,METAR WSSS 160730Z 06010KT 4000 RA SCT010 FEW016TCU FEW018CB BKN150 25/23 Q1008 NOSIG
2025-12-16 08:58 UTC,METAR WSSS 160830Z 04007KT 4500 RA FEW010 FEW016TCU OVC150 24/23 Q1008 NOSIG
2025-12-16 09:50 UTC,METAR WSSS 160930Z 32005KT 4500 RA FEW010 FEW016TCU OVC150 24/23 Q1008 NOSIG
2025-12-16 10:52 UTC,METAR WSSS 161030Z 34004KT 8000 -RA FEW012 FEW018TCU OVC160 25/24 Q1008 RERA NOSIG
2025-12-16 11:35 UTC,METAR WSSS 161130Z 35006KT 7000 -RA FEW012 FEW018TCU BKN160 24/23 Q1008 NOSIG
2025-12-16 13:52 UTC,METAR WSSS 161330Z 35006KT 320V030 8000 -RA FEW014 SCT018 BKN160 25/24 Q1010 NOSIG
2025-12-16 14:54 UTC,METAR WSSS 161430Z 32003KT 290V360 8000 -RA FEW014 SCT018 BKN160 25/24 Q1010 NOSIG
2025-12-16 15:44 UTC,METAR WSSS 161530Z 32003KT 290V350 9000 SCT016 SCT170 BKN270 25/24 Q1010 NOSIG
2025-12-16 16:59 UTC,METAR WSSS 161630Z 34003KT 9000 SCT016 SCT270 25/24 Q1010 NOSIG
2025-12-16 17:49 UTC,METAR WSSS 161730Z 00000KT 9999 FEW016 SCT270 25/24 Q1010 NOSIG
2025-12-16 18:58 UTC,METAR WSSS 161830Z 31003KT 290V360 8000 FEW012 FEW016TCU BKN300 25/24 Q1009 NOSIG
2025-12-16 19:33 UTC,METAR WSSS 161930Z VRB02KT 5000 -SHRA FEW012 FEW016TCU SCT030 BKN300 25/24 Q1008 NOSIG
2025-12-16 20:44 UTC,METAR WSSS 162030Z 28004KT 250V320 5000 -SHRA FEW012 FEW016TCU SCT030 25/24 Q1008 NOSIG
2025-12-16 21:38 UTC,METAR WSSS 162130Z 25004KT 200V310 2000 +SHRA FEW010 SCT015TCU BKN150 24/24 Q1008 BECMG TL2200 4000 SHRA BECMG FM2230 TL2300 6000 NSW
2025-12-16 22:40 UTC,METAR WSSS 162230Z 31004KT 270V360 5000 -SHRA FEW012 FEW016TCU BKN150 24/24 Q1008 RESHRA TEMPO FM2245 TL2330 SHRA
2025-12-16 23:34 UTC,METAR WSSS 162330Z 34004KT 300V360 3000 RA SCT015 FEW018TCU BKN150 24/23 Q1009 BECMG FM2345 TL0015 6000 NSW
2025-12-17 03:46 UTC,METAR WSSS 170330Z 32005KT 280V360 5000 -RA FEW014 SCT050 BKN160 26/24 Q1011 NOSIG
2025-12-17 04:56 UTC,METAR WSSS 170430Z 33005KT 270V010 9999 FEW014 SCT070 BKN150 26/24 Q1010 NOSIG
2025-12-17 05:45 UTC,METAR WSSS 170530Z 33007KT 300V360 9999 SCT014 BKN150 27/24 Q1009 NOSIG
2025-12-17 06:58 UTC,METAR WSSS 170630Z 32006KT 260V010 9999 SCT014 BKN160 27/23 Q1008 NOSIG
2025-12-17 07:40 UTC,METAR WSSS 170730Z 32005KT 280V360 9999 SCT015 BKN160 27/24 Q1008 NOSIG
2025-12-17 08:58 UTC,METAR WSSS 170830Z 35003KT 290V030 9999 -SHRA SCT014 FEW017TCU SCT160 27/24 Q1008 NOSIG
2025-12-17 09:50 UTC,METAR WSSS 170930Z 34008KT 9999 -SHRA FEW012 SCT015 FEW017TCU 26/24 Q1008 NOSIG
2025-12-17 10:51 UTC,METAR WSSS 171030Z 34007KT 300V010 9999 FEW016 SCT150 26/24 Q1008 NOSIG
2025-12-17 11:34 UTC,METAR WSSS 171130Z 32004KT 250V360 9999 FEW016 BKN280 26/24 Q1009 NOSIG
2025-12-17 13:46 UTC,METAR WSSS 171330Z 32006KT 280V350 9999 FEW015 SCT040 BKN280 26/23 Q1010 NOSIG
2025-12-17 14:53 UTC,METAR WSSS 171430Z 33006KT 290V350 9999 FEW015 SCT040 26/23 Q1011 NOSIG
2025-12-17 15:48 UTC,METAR WSSS 171530Z 30005KT 260V360 9999 FEW015 SCT050 26/23 Q1011 NOSIG
2025-12-17 16:59 UTC,METAR WSSS 171630Z 28004KT 210V350 9999 FEW015 BKN070 26/23 Q1010 NOSIG
2025-12-17 17:48 UTC,METAR WSSS 171730Z 30003KT 220V030 9999 FEW016 BKN070 26/23 Q1010 NOSIG
2025-12-17 18:59 UTC,METAR WSSS 171830Z 29003KT 220V340 9999 FEW016 BKN070 26/23 Q1010 NOSIG
2025-12-17 19:32 UTC,METAR WSSS 171930Z 29004KT 210V010 9999 FEW016 SCT025 BKN140 26/23 Q1009 NOSIG
2025-12-17 20:44 UTC,METAR WSSS 172030Z 25003KT 200V320 9999 FEW016 BKN140 25/23 Q1008 NOSIG
2025-12-17 21:38 UTC,METAR WSSS 172130Z 30004KT 240V360 9999 FEW016 BKN140 25/23 Q1008 NOSIG
2025-12-17 22:42 UTC,METAR WSSS 172230Z 31005KT 240V030 9999 FEW016 BKN140 25/22 Q1009 NOSIG
2025-12-17 23:35 UTC,METAR WSSS 172330Z 33007KT 290V360 9999 FEW016 BKN140 25/23 Q1009 NOSIG
2025-12-18 03:46 UTC,METAR WSSS 180330Z 34015G29KT 290V360 9999 SCT018 BKN300 28/24 Q1010 NOSIG
2025-12-18 04:57 UTC,METAR WSSS 180430Z 35011KT 320V030 9999 SCT018 BKN300 28/24 Q1010 NOSIG
2025-12-18 05:47 UTC,METAR WSSS 180530Z 35013KT 310V020 9999 SCT018 BKN300 30/25 Q1009 NOSIG
2025-12-18 07:00 UTC,METAR WSSS 180630Z 36014KT 9999 SCT018 BKN130 29/23 Q1008 NOSIG
2025-12-18 07:40 UTC,METAR WSSS 180730Z 35011KT 320V020 9999 SCT018 SCT130 BKN300 29/24 Q1007 NOSIG
2025-12-18 08:57 UTC,METAR WSSS 180830Z 01015KT 9999 FEW018 BKN130 28/24 Q1007 NOSIG
2025-12-18 09:51 UTC,METAR WSSS 180930Z 34009KT 300V010 9999 FEW018 SCT150 BKN300 29/24 Q1006 NOSIG
2025-12-18 10:49 UTC,METAR WSSS 181030Z 36009KT 9999 FEW018 BKN150 27/23 Q1007 NOSIG
2025-12-18 11:32 UTC,METAR WSSS 181130Z 34007KT 9999 FEW018 SCT050 BKN300 27/24 Q1008 NOSIG
2025-12-18 13:50 UTC,METAR WSSS 181330Z 33006KT 300V360 9999 FEW016 SCT160 BKN300 26/24 Q1009 NOSIG
2025-12-18 14:50 UTC,METAR WSSS 181430Z 33003KT 290V010 9999 FEW018 SCT160 BKN300 26/24 Q1009 NOSIG
2025-12-18 15:44 UTC,METAR WSSS 181530Z 34005KT 9999 FEW018 BKN300 26/24 Q1009 NOSIG
2025-12-18 16:58 UTC,METAR WSSS 181630Z 33004KT 280V350 9999 FEW015 BKN300 26/23 Q1009 NOSIG
2025-12-18 17:48 UTC,METAR WSSS 181730Z 33005KT 300V010 9999 FEW017 SCT030 BKN300 26/23 Q1009 NOSIG
2025-12-18 18:58 UTC,METAR WSSS 181830Z 32004KT 270V360 9999 FEW017 SCT030 26/23 Q1008 NOSIG
2025-12-18 19:28 UTC,METAR WSSS 181900Z 32004KT 250V350 9999 FEW016 SCT030 26/23 Q1008 NOSIG
2025-12-18 19:42 UTC,METAR WSSS 181930Z 33005KT 290V360 9999 FEW016 SCT030 26/23 Q1007 NOSIG
2025-12-18 20:38 UTC,METAR WSSS 182030Z 32005KT 9999 FEW016 BKN300 26/24 Q1007 NOSIG
2025-12-18 21:30 UTC,METAR WSSS 182100Z 32003KT 240V360 9999 FEW016 SCT030 BKN300 26/24 Q1007 NOSIG
2025-12-18 22:41 UTC,METAR WSSS 182230Z 29004KT 240V340 9999 FEW016 BKN140 26/24 Q1008 NOSIG
2025-12-18 23:34 UTC,METAR WSSS 182330Z 25004KT 180V350 9999 FEW015 FEW020TCU SCT030 26/24 Q1009 NOSIG
2025-12-19 03:50 UTC,METAR WSSS 190330Z 33006KT 290V350 9999 SCT015 SCT060 BKN180 27/23 Q1010 NOSIG
2025-12-19 04:58 UTC,METAR WSSS 190430Z 33007KT 290V360 9999 FEW015 SCT060 BKN170 27/23 Q1010 NOSIG
2025-12-19 05:44 UTC,METAR WSSS 190530Z 34008KT 310V010 9999 FEW018 SCT070 BKN270 28/23 Q1009 NOSIG
2025-12-19 06:58 UTC,METAR WSSS 190630Z 32008KT 290V350 9999 FEW016 SCT070 BKN270 28/23 Q1008 NOSIG
2025-12-19 07:38 UTC,METAR WSSS 190730Z 34008KT 290V010 9999 FEW016 BKN280 28/23 Q1007 NOSIG
2025-12-19 08:57 UTC,METAR WSSS 190830Z 34007KT 300V010 9999 FEW016 BKN280 29/24 Q1006 NOSIG
2025-12-19 09:46 UTC,METAR WSSS 190930Z 34008KT 9999 VCSH FEW018 FEW020TCU BKN280 28/23 Q1006 NOSIG
2025-12-19 10:48 UTC,METAR WSSS 191030Z 33005KT 9999 FEW016 FEW018TCU SCT070 28/24 Q1007 NOSIG
2025-12-19 11:32 UTC,METAR WSSS 191130Z 35006KT 9999 FEW016 FEW018TCU SCT040 27/23 Q1007 NOSIG
2025-12-19 13:45 UTC,METAR WSSS 191330Z 34005KT 290V360 9999 FEW018 SCT150 BKN300 26/24 Q1008 NOSIG
2025-12-19 14:45 UTC,METAR WSSS 191430Z 34007KT 310V010 9999 FEW018 BKN300 26/24 Q1009 NOSIG
2025-12-19 15:42 UTC,METAR WSSS 191530Z 33005KT 9999 FEW018 BKN300 26/24 Q1009 NOSIG
2025-12-19 16:53 UTC,METAR WSSS 191630Z 33006KT 300V360 9999 FEW018 BKN300 26/24 Q1009 NOSIG
2025-12-19 17:32 UTC,METAR WSSS 191730Z 33005KT 300V360 9999 FEW018 BKN300 26/23 Q1009 NOSIG
2025-12-19 18:56 UTC,METAR WSSS 191830Z 34005KT 9999 FEW018 BKN300 25/24 Q1008 NOSIG
2025-12-19 19:29 UTC,METAR WSSS 191900Z 34005KT 300V360 9999 FEW018 BKN300 26/24 Q1007 NOSIG
2025-12-19 19:42 UTC,METAR WSSS 191930Z 34006KT 310V010 9999 FEW018 BKN300 26/24 Q1007 NOSIG
2025-12-19 20:40 UTC,METAR WSSS 192030Z 34005KT 9999 FEW018 BKN300 25/24 Q1007 NOSIG
2025-12-19 21:32 UTC,METAR WSSS 192130Z 34005KT 9999 FEW018 BKN300 25/24 Q1007 NOSIG
2025-12-19 22:40 UTC,METAR WSSS 192230Z 34003KT 310V010 9999 FEW018 BKN300 25/23 Q1007 NOSIG
2025-12-19 23:32 UTC,METAR WSSS 192330Z 33003KT 290V350 9999 FEW018 BKN300 25/24 Q1008 NOSIG
2025-12-20 03:40 UTC,METAR WSSS 200330Z 35010KT 310V020 9999 SCT016 FEW020TCU BKN300 30/24 Q1009 NOSIG
2025-12-20 04:47 UTC,METAR WSSS 200430Z 34009KT 310V020 9999 SCT018 BKN300 31/25 Q1008 NOSIG
2025-12-20 05:39 UTC,METAR WSSS 200530Z 35008KT 320V020 9999 SCT018 FEW020TCU BKN300 30/24 Q1007 NOSIG
2025-12-20 06:53 UTC,METAR WSSS 200630Z 34008KT 300V030 8000 -SHRA FEW017TCU FEW020CB SCT025 30/25 Q1006 NOSIG
2025-12-20 07:30 UTC,METAR WSSS 200700Z 01013KT 9999 FEW018 FEW020TCU SCT070 30/24 Q1005 NOSIG
2025-12-20 08:48 UTC,METAR WSSS 200830Z 35008KT 9000 VCSH FEW018TCU FEW020CB SCT040 30/24 Q1005 NOSIG
2025-12-20 09:34 UTC,METAR WSSS 200930Z 36010KT 9999 FEW016 FEW018TCU FEW020CB SCT150 29/24 Q1005 NOSIG
2025-12-20 10:39 UTC,METAR WSSS 201030Z 36011KT 9999 FEW016 FEW020TCU SCT150 28/23 Q1006 NOSIG
2025-12-20 11:28 UTC,METAR WSSS 201100Z 35009KT 9999 FEW016 FEW018TCU SCT150 28/24 Q1006 NOSIG
2025-12-20 11:41 UTC,METAR WSSS 201130Z 35006KT 9999 FEW018TCU SCT150 28/23 Q1006 NOSIG
2025-12-20 13:19 UTC,METAR WSSS 201300Z 35005KT 310V020 9999 FEW018 FEW020CB BKN150 27/24 Q1008 NOSIG
2025-12-20 13:46 UTC,METAR WSSS 201330Z 34006KT 9999 FEW018 BKN150 27/24 Q1008 NOSIG
2025-12-20 14:36 UTC,METAR WSSS 201430Z 34006KT 9999 FEW016 SCT160 BKN300 27/24 Q1009 NOSIG
2025-12-20 15:34 UTC,METAR WSSS 201530Z 35006KT 9999 FEW016 SCT160 BKN300 26/24 Q1009 NOSIG
2025-12-20 16:43 UTC,METAR WSSS 201630Z 34005KT 8000 FEW016 BKN300 26/24 Q1009 NOSIG
2025-12-20 17:32 UTC,METAR WSSS 201730Z 34007KT 8000 FEW018 BKN300 26/24 Q1008 NOSIG
2025-12-20 18:48 UTC,METAR WSSS 201830Z 34007KT 9999 FEW016 BKN300 26/24 Q1008 NOSIG
2025-12-20 19:26 UTC,METAR WSSS 201900Z 34007KT 9999 FEW016 BKN300 26/24 Q1008 NOSIG
2025-12-20 19:39 UTC,METAR WSSS 201930Z 34006KT 9999 FEW014 BKN300 26/24 Q1008 NOSIG
2025-12-20 20:36 UTC,METAR WSSS 202030Z 34007KT 310V010 9999 FEW016 BKN070 26/24 Q1007 NOSIG
2025-12-20 21:30 UTC,METAR WSSS 202100Z 34007KT 9999 FEW016 SCT070 BKN300 26/24 Q1007 NOSIG
2025-12-20 21:42 UTC,METAR WSSS 202130Z 34008KT 9999 FEW016 BKN300 26/24 Q1007 NOSIG
2025-12-20 22:37 UTC,METAR WSSS 202230Z 34008KT 9999 FEW016 BKN160 26/24 Q1007 NOSIG
2025-12-20 23:31 UTC,METAR WSSS 202330Z 34006KT 300V360 9000 FEW018 BKN160 26/24 Q1008 NOSIG
2025-12-21 03:55 UTC,METAR WSSS 210330Z 34010KT 290V010 9999 SCT018 BKN300 30/24 Q1010 NOSIG
2025-12-21 04:57 UTC,METAR WSSS 210430Z 36012KT 320V020 9999 SCT020 BKN300 31/24 Q1009 NOSIG
2025-12-21 05:42 UTC,METAR WSSS 210530Z 36012KT 310V030 9999 SCT020 BKN300 31/24 Q1008 NOSIG
2025-12-21 06:55 UTC,METAR WSSS 210630Z 36014KT 9999 FEW020 BKN300 30/23 Q1007 NOSIG
2025-12-21 07:33 UTC,METAR WSSS 210730Z 36010KT 9999 FEW020 BKN300 32/24 Q1006 NOSIG
2025-12-21 08:49 UTC,METAR WSSS 210830Z 35012KT 9999 FEW020 BKN300 32/23 Q1006 NOSIG
2025-12-21 09:35 UTC,METAR WSSS 210930Z 36012KT 320V020 9999 FEW020 BKN300 31/23 Q1006 NOSIG
2025-12-21 10:41 UTC,METAR WSSS 211030Z 35011KT 9999 FEW020 BKN300 30/23 Q1006 NOSIG
2025-12-21 11:29 UTC,METAR WSSS 211100Z 36007KT 9999 FEW018 FEW020TCU BKN300 28/23 Q1007 NOSIG
2025-12-21 11:42 UTC,METAR WSSS 211130Z 35007KT 9999 FEW018 FEW020TCU BKN300 28/23 Q1007 NOSIG
2025-12-21 13:34 UTC,METAR WSSS 211330Z 35006KT 9999 FEW018 BKN300 27/23 Q1009 NOSIG
2025-12-21 14:38 UTC,METAR WSSS 211430Z 34006KT 9999 FEW020 BKN300 27/23 Q1010 NOSIG
2025-12-21 15:33 UTC,METAR WSSS 211530Z 34006KT 310V010 9999 FEW020 BKN300 27/23 Q1010 NOSIG
2025-12-21 16:45 UTC,METAR WSSS 211630Z 34007KT 9999 FEW018 BKN300 27/23 Q1010 NOSIG
2025-12-21 17:34 UTC,METAR WSSS 211730Z 33005KT 300V360 9999 FEW018 BKN300 26/23 Q1009 NOSIG
2025-12-21 18:52 UTC,METAR WSSS 211830Z 34007KT 9999 FEW018 BKN300 26/23 Q1009 NOSIG
2025-12-21 19:27 UTC,METAR WSSS 211900Z 34007KT 310V010 9999 FEW018 BKN300 26/23 Q1008 NOSIG
2025-12-21 19:41 UTC,METAR WSSS 211930Z 34009KT 9999 FEW018 BKN300 26/23 Q1008 NOSIG
2025-12-21 20:38 UTC,METAR WSSS 212030Z 35009KT 9999 FEW018 BKN300 26/23 Q1008 NOSIG
2025-12-21 21:31 UTC,METAR WSSS 212130Z 34007KT 9999 FEW018 BKN300 26/23 Q1008 NOSIG
2025-12-21 22:39 UTC,METAR WSSS 212230Z 34007KT 9000 FEW018 BKN300 25/23 Q1008 NOSIG
2025-12-21 23:33 UTC,METAR WSSS 212330Z 33006KT 9000 FEW018 BKN300 26/23 Q1009 NOSIG
2025-12-22 03:58 UTC,SPECI WSSS 220341Z 35010KT 320V020 9999 FEW020 BKN300 31/25 Q1009 NOSIG
2025-12-22 05:01 UTC,METAR WSSS 220500Z 36014KT 330V030 9999 FEW020 BKN300 30/24 Q1009 NOSIG
2025-12-22 05:51 UTC,METAR WSSS 220530Z 36014KT 9999 FEW022 BKN300 32/23 Q1008 NOSIG
2025-12-22 07:00 UTC,METAR WSSS 220630Z 36014KT 9999 FEW022 BKN300 31/23 Q1007 NOSIG
2025-12-22 07:43 UTC,METAR WSSS 220730Z 36014KT 9999 FEW022 BKN300 31/24 Q1006 NOSIG
2025-12-22 08:57 UTC,METAR WSSS 220830Z 01015KT 9999 FEW022 BKN300 31/23 Q1006 NOSIG
2025-12-22 09:53 UTC,METAR WSSS 220930Z 36015KT 9999 FEW022 BKN300 30/22 Q1006 NOSIG
2025-12-22 10:47 UTC,METAR WSSS 221030Z 35011KT 9999 FEW020 BKN300 29/23 Q1006 NOSIG
2025-12-22 11:31 UTC,METAR WSSS 221130Z 35009KT 9999 FEW020 BKN300 28/23 Q1007 NOSIG
2025-12-22 13:47 UTC,METAR WSSS 221330Z 34005KT 9999 FEW018 BKN300 27/23 Q1009 NOSIG
2025-12-22 14:43 UTC,METAR WSSS 221430Z 35006KT 9999 FEW018 BKN300 26/24 Q1009 NOSIG
2025-12-22 15:41 UTC,METAR WSSS 221530Z 34005KT 9999 FEW018 BKN300 26/24 Q1009 NOSIG
2025-12-22 16:53 UTC,METAR WSSS 221630Z 33004KT 300V010 9999 FEW018 BKN300 26/24 Q1009 NOSIG
2025-12-22 17:39 UTC,METAR WSSS 221730Z 33006KT 9999 FEW018 BKN300 26/24 Q1009 NOSIG
2025-12-22 18:55 UTC,METAR WSSS 221830Z 34006KT 9000 FEW015 BKN300 26/24 Q1008 NOSIG
2025-12-22 19:30 UTC,METAR WSSS 221900Z 33006KT 9000 FEW015 SCT150 BKN300 26/24 Q1008 NOSIG
2025-12-22 19:43 UTC,METAR WSSS 221930Z 33006KT 9000 FEW015 SCT150 BKN300 26/24 Q1008 NOSIG
2025-12-22 20:41 UTC,METAR WSSS 222030Z 33006KT 9000 FEW017 SCT160 BKN300 26/24 Q1007 NOSIG
2025-12-22 21:32 UTC,METAR WSSS 222130Z 34006KT 9000 FEW017 BKN300 26/23 Q1007 NOSIG
2025-12-22 22:42 UTC,METAR WSSS 222230Z 34005KT 9000 FEW018 BKN300 25/23 Q1008 NOSIG
2025-12-22 23:33 UTC,METAR WSSS 222330Z 33004KT 270V360 9999 FEW018 SCT170 BKN300 26/23 Q1008 NOSIG
2025-12-23 03:52 UTC,METAR WSSS 230330Z 36011KT 320V040 9999 FEW020 BKN300 31/24 Q1009 NOSIG
2025-12-23 05:00 UTC,METAR WSSS 230430Z 35011KT 320V020 9999 FEW020 BKN300 32/24 Q1009 NOSIG
2025-12-23 05:50 UTC,METAR WSSS 230530Z 01015KT 9999 FEW020 BKN300 31/24 Q1008 NOSIG
2025-12-23 07:00 UTC,METAR WSSS 230630Z 36011KT 330V030 9999 SCT020 BKN300 32/24 Q1006 NOSIG
2025-12-23 07:43 UTC,METAR WSSS 230730Z 33010KT 290V010 9999 FEW020TCU SCT022 BKN300 31/23 Q1006 NOSIG
2025-12-23 08:57 UTC,METAR WSSS 230830Z 35012KT 320V020 9999 FEW022 BKN300 32/24 Q1006 NOSIG
2025-12-23 09:47 UTC,METAR WSSS 230930Z 35013KT 9999 FEW020 BKN300 31/23 Q1006 NOSIG
2025-12-23 10:49 UTC,METAR WSSS 231030Z 34010KT 9999 FEW020 BKN300 30/23 Q1006 NOSIG
2025-12-23 11:33 UTC,METAR WSSS 231130Z 34008KT 9999 FEW018 BKN300 28/23 Q1006 NOSIG
2025-12-23 13:48 UTC,METAR WSSS 231330Z 34005KT 290V010 9999 FEW018 BKN300 27/23 Q1008 NOSIG
2025-12-23 14:45 UTC,METAR WSSS 231430Z 33007KT 310V010 9999 FEW018 BKN300 27/23 Q1008 NOSIG
2025-12-23 15:41 UTC,METAR WSSS 231530Z 34008KT 310V010 9999 FEW018 BKN300 27/24 Q1008 NOSIG
2025-12-23 16:55 UTC,METAR WSSS 231630Z 34006KT 9999 FEW018 BKN300 26/24 Q1008 NOSIG
2025-12-23 17:41 UTC,METAR WSSS 231730Z 34007KT 9999 FEW018 BKN300 26/23 Q1008 NOSIG
2025-12-23 18:57 UTC,METAR WSSS 231830Z 34007KT 9999 FEW018 BKN300 26/23 Q1008 NOSIG
2025-12-23 19:30 UTC,METAR WSSS 231900Z 34006KT 9999 FEW018 BKN300 26/23 Q1007 NOSIG
2025-12-23 19:43 UTC,METAR WSSS 231930Z 33005KT 300V360 9999 FEW018 BKN300 26/23 Q1007 NOSIG
2025-12-23 20:40 UTC,METAR WSSS 232030Z 35003KT 9999 FEW018 BKN300 25/23 Q1007 NOSIG
2025-12-23 21:33 UTC,METAR WSSS 232130Z 34004KT 310V020 9999 FEW018 BKN300 26/23 Q1007 NOSIG
2025-12-23 22:40 UTC,METAR WSSS 232230Z 33005KT 280V350 9999 FEW018 BKN300 26/23 Q1007 NOSIG
2025-12-23 23:33 UTC,METAR WSSS 232330Z 32005KT 290V360 9999 FEW018 BKN300 26/23 Q1008 NOSIG
2025-12-24 03:49 UTC,METAR WSSS 240330Z 34011KT 9999 SCT018 BKN300 31/24 Q1008 NOSIG
2025-12-24 05:00 UTC,METAR WSSS 240430Z 36012KT 9999 FEW018 FEW020TCU BKN300 31/25 Q1008 NOSIG
2025-12-24 05:49 UTC,METAR WSSS 240530Z 36013KT 9999 FEW018 FEW020TCU BKN300 32/25 Q1007 NOSIG
2025-12-24 07:00 UTC,METAR WSSS 240630Z 36013KT 9999 FEW020TCU BKN300 31/25 Q1006 NOSIG
2025-12-24 07:42 UTC,METAR WSSS 240730Z 36014KT 9999 FEW018TCU SCT020 32/25 Q1005 NOSIG
2025-12-24 08:57 UTC,METAR WSSS 240830Z 35012KT 310V010 9999 VCSH FEW018TCU SCT300 32/24 Q1005 NOSIG
2025-12-24 09:44 UTC,METAR WSSS 240930Z 35014KT 9999 FEW018TCU FEW020CB SCT300 30/23 Q1005 NOSIG
2025-12-24 10:45 UTC,METAR WSSS 241030Z 35009KT 310V010 9999 FEW018TCU FEW020CB SCT300 29/24 Q1006 NOSIG
2025-12-24 11:32 UTC,METAR WSSS 241130Z 34007KT 9999 FEW018TCU SCT300 28/23 Q1007 NOSIG
2025-12-24 13:42 UTC,METAR WSSS 241330Z 35006KT 9999 FEW018 BKN300 27/24 Q1008 NOSIG
2025-12-24 14:41 UTC,METAR WSSS 241430Z 35006KT 9999 FEW018 BKN300 27/24 Q1008 NOSIG
2025-12-24 15:39 UTC,METAR WSSS 241530Z 34007KT 310V010 9999 FEW016 BKN300 27/24 Q1008 NOSIG
2025-12-24 16:50 UTC,METAR WSSS 241630Z 34007KT 9999 FEW016 BKN300 26/24 Q1008 NOSIG
2025-12-24 17:36 UTC,METAR WSSS 241730Z 35005KT 310V010 9999 FEW016 BKN300 26/24 Q1008 NOSIG
2025-12-24 18:55 UTC,METAR WSSS 241830Z 34006KT 8000 FEW016 BKN300 26/24 Q1007 NOSIG
2025-12-24 19:27 UTC,METAR WSSS 241900Z 35006KT 8000 FEW016 BKN300 26/24 Q1007 NOSIG
2025-12-24 19:43 UTC,METAR WSSS 241930Z 33006KT 300V360 8000 FEW016 BKN300 26/24 Q1007 NOSIG
2025-12-24 20:40 UTC,METAR WSSS 242030Z 34007KT 8000 FEW016 BKN300 26/24 Q1006 NOSIG
2025-12-24 21:32 UTC,METAR WSSS 242130Z 33006KT 8000 FEW016 BKN300 26/24 Q1006 NOSIG
2025-12-24 22:41 UTC,METAR WSSS 242230Z 34007KT 8000 FEW016 BKN300 26/24 Q1007 NOSIG
2025-12-24 23:33 UTC,METAR WSSS 242330Z 33004KT 300V010 8000 FEW018 BKN300 26/24 Q1008 NOSIG
2025-12-25 03:52 UTC,METAR WSSS 250330Z 35010KT 9999 FEW018 FEW020TCU BKN300 31/25 Q1009 NOSIG
2025-12-25 04:59 UTC,METAR WSSS 250430Z 34009KT 310V030 9999 FEW018 FEW020TCU BKN300 31/25 Q1008 NOSIG
2025-12-25 05:49 UTC,METAR WSSS 250530Z 35008KT 9999 SCT018 FEW020TCU BKN300 31/24 Q1008 NOSIG
2025-12-25 06:58 UTC,METAR WSSS 250630Z 01013KT 9999 VCSH SCT018 FEW020TCU BKN300 30/25 Q1007 NOSIG
2025-12-25 07:39 UTC,METAR WSSS 250730Z 36009KT 9999 FEW017TCU SCT018 BKN300 31/25 Q1006 NOSIG
2025-12-25 08:55 UTC,METAR WSSS 250830Z 36014KT 9999 FEW017 FEW018TCU BKN300 29/25 Q1005 NOSIG
2025-12-25 09:46 UTC,METAR WSSS 250930Z 36012KT 9999 FEW018TCU BKN300 30/24 Q1005 NOSIG
2025-12-25 10:50 UTC,METAR WSSS 251030Z 36009KT 9999 FEW018TCU SCT050 BKN300 29/24 Q1006 NOSIG
2025-12-25 11:36 UTC,METAR WSSS 251130Z 34006KT 320V030 9999 FEW016 FEW018TCU BKN300 28/24 Q1007 NOSIG
2025-12-25 13:50 UTC,METAR WSSS 251330Z 34006KT 300V020 9999 FEW018 SCT050 BKN300 27/24 Q1009 NOSIG
2025-12-25 14:46 UTC,METAR WSSS 251430Z 34007KT 9999 FEW016 SCT050 BKN300 27/24 Q1009 NOSIG
2025-12-25 15:43 UTC,METAR WSSS 251530Z 34006KT 310V010 9999 FEW016 FEW020CB BKN300 27/24 Q1009 NOSIG
2025-12-25 16:50 UTC,METAR WSSS 251630Z 33005KT 300V360 9000 FEW016 FEW020CB BKN300 27/24 Q1009 NOSIG
2025-12-25 17:38 UTC,METAR WSSS 251730Z 33004KT 300V010 9999 FEW018 FEW020CB BKN300 26/24 Q1009 NOSIG
2025-12-25 18:59 UTC,METAR WSSS 251830Z 32004KT 270V010 9999 FEW018 FEW020CB BKN300 27/24 Q1009 NOSIG
2025-12-25 19:27 UTC,METAR WSSS 251900Z 32005KT 290V350 9999 FEW018 FEW020CB BKN300 27/24 Q1008 NOSIG
2025-12-25 19:42 UTC,METAR WSSS 251930Z 33004KT 300V060 9999 FEW018 FEW020CB BKN300 27/24 Q1008 NOSIG
2025-12-25 20:40 UTC,METAR WSSS 252030Z 32004KT 280V010 9999 FEW018 FEW020CB SCT040 27/24 Q1008 NOSIG
2025-12-25 21:32 UTC,METAR WSSS 252130Z 32005KT 250V060 9999 FEW016 SCT040 27/24 Q1008 NOSIG
2025-12-25 22:40 UTC,METAR WSSS 252230Z 31005KT 250V360 4500 -SHRA FEW014 FEW017TCU SCT025 26/24 Q1008 BECMG TL2300 6000
2025-12-25 23:33 UTC,METAR WSSS 252330Z 34005KT 9999 FEW016 FEW018TCU BKN300 26/24 Q1008 NOSIG
2025-12-26 03:49 UTC,METAR WSSS 260330Z 34006KT 300V010 9999 SCT018 BKN300 30/24 Q1010 NOSIG
2025-12-26 04:58 UTC,METAR WSSS 260430Z 35006KT 300V020 9999 SCT018 BKN300 30/25 Q1009 NOSIG
2025-12-26 05:45 UTC,METAR WSSS 260530Z 01008KT 300V040 9999 SCT018 FEW020TCU BKN300 31/25 Q1008 NOSIG
2025-12-26 06:57 UTC,METAR WSSS 260630Z 35011KT 9999 SCT018 FEW020TCU BKN300 30/24 Q1007 TEMPO FM0645 TL0745 4500 SHRA
2025-12-26 07:38 UTC,METAR WSSS 260730Z 36010KT 9999 FEW017 FEW018CB FEW020TCU BKN300 30/24 Q1006 TEMPO FM0830 4500 SHRA
2025-12-26 08:53 UTC,METAR WSSS 260830Z 36009KT 9999 FEW017 FEW018CB FEW020TCU BKN300 30/24 Q1006 TEMPO TL0930 4500 SHRA
2025-12-26 09:41 UTC,METAR WSSS 260930Z 35010KT 9999 FEW018TCU FEW020CB BKN300 29/23 Q1006 NOSIG
2025-12-26 10:50 UTC,METAR WSSS 261030Z 35008KT 9999 FEW018 FEW020CB BKN300 28/24 Q1007 NOSIG
2025-12-26 11:37 UTC,METAR WSSS 261130Z 36007KT 9999 FEW018 SCT040 BKN300 28/24 Q1008 NOSIG
2025-12-26 13:50 UTC,METAR WSSS 261330Z 34005KT 9999 FEW016 BKN280 27/24 Q1009 NOSIG
2025-12-26 14:47 UTC,METAR WSSS 261430Z 34004KT 310V020 9999 FEW014 BKN280 27/24 Q1010 NOSIG
2025-12-26 15:39 UTC,METAR WSSS 261530Z 33004KT 300V360 9999 FEW014 BKN280 27/24 Q1010 NOSIG
2025-12-26 16:47 UTC,METAR WSSS 261630Z 33003KT 300V010 9999 FEW016 BKN300 26/24 Q1010 NOSIG
2025-12-26 17:35 UTC,METAR WSSS 261730Z 36004KT 9999 FEW018 BKN300 26/24 Q1009 NOSIG
2025-12-26 18:54 UTC,METAR WSSS 261830Z 35005KT 9999 FEW016 BKN300 26/24 Q1008 NOSIG
2025-12-26 19:28 UTC,METAR WSSS 261900Z 35005KT 9999 FEW016 BKN300 26/24 Q1008 NOSIG
2025-12-26 19:43 UTC,METAR WSSS 261930Z 33003KT 290V360 9999 FEW016 BKN300 26/24 Q1008 NOSIG
2025-12-26 20:39 UTC,METAR WSSS 262030Z 32002KT 9999 FEW018 BKN300 26/24 Q1008 NOSIG
2025-12-26 21:32 UTC,METAR WSSS 262130Z 33003KT 9999 FEW018 BKN300 26/24 Q1008 NOSIG
2025-12-26 22:40 UTC,METAR WSSS 262230Z 32003KT 290V360 9999 FEW016 SCT050 BKN300 26/24 Q1009 NOSIG
2025-12-26 23:34 UTC,METAR WSSS 262330Z 31003KT 260V010 8000 FEW016 FEW018TCU SCT050 BKN300 26/25 Q1010 NOSIG
2025-12-27 03:46 UTC,METAR WSSS 270330Z 36007KT 9999 FEW015 FEW018TCU FEW020CB SCT030 29/25 Q1011 NOSIG
2025-12-27 04:56 UTC,METAR WSSS 270430Z 36010KT 9999 FEW018TCU SCT270 29/25 Q1011 NOSIG
2025-12-27 05:43 UTC,METAR WSSS 270530Z 36012KT 9999 FEW018TCU FEW020CB SCT180 29/25 Q1010 NOSIG
2025-12-27 06:55 UTC,METAR WSSS 270630Z 01011KT 9999 FEW016 FEW018TCU FEW020CB BKN180 28/24 Q1009 NOSIG
2025-12-27 07:32 UTC,METAR WSSS 270730Z 35009KT 310V010 9999 FEW016 FEW020TCU SCT160 29/24 Q1008 NOSIG
2025-12-27 08:50 UTC,METAR WSSS 270830Z 36012KT 330V030 9999 SCT018 FEW020TCU BKN160 29/24 Q1007 NOSIG
2025-12-27 09:36 UTC,METAR WSSS 270930Z 36009KT 9999 FEW014 SCT016 BKN160 28/24 Q1007 NOSIG
2025-12-27 10:41 UTC,METAR WSSS 271030Z 35006KT 9999 SCT016 BKN160 28/24 Q1008 NOSIG
